{
    "count": 1,
    "self": 16.3225792,
    "total": 150.7544427,
    "children": {
        "InitializeActuators": {
            "count": 8,
            "self": 0.0009991,
            "total": 0.0009991,
            "children": null
        },
        "InitializeSensors": {
            "count": 8,
            "self": 0,
            "total": 0,
            "children": null
        },
        "AgentSendState": {
            "count": 13451,
            "self": 0.2208222,
            "total": 1.5225014,
            "children": {
                "CollectObservations": {
                    "count": 107608,
                    "self": 0.3446785,
                    "total": 0.3446785,
                    "children": null
                },
                "WriteActionMask": {
                    "count": 107608,
                    "self": 0.043759099999999995,
                    "total": 0.043759099999999995,
                    "children": null
                },
                "RequestDecision": {
                    "count": 107608,
                    "self": 0.1828959,
                    "total": 0.9132416,
                    "children": {
                        "AgentInfo.ToProto": {
                            "count": 107608,
                            "self": 0.1717098,
                            "total": 0.7303457,
                            "children": {
                                "GenerateSensorData": {
                                    "count": 107608,
                                    "self": 0.5586359,
                                    "total": 0.5586359,
                                    "children": null
                                }
                            }
                        }
                    }
                }
            }
        },
        "DecideAction": {
            "count": 13451,
            "self": 127.72319999999999,
            "total": 127.72320429999999,
            "children": null
        },
        "AgentAct": {
            "count": 13451,
            "self": 5.1801464,
            "total": 5.1851579,
            "children": {
                "AgentInfo.ToProto": {
                    "count": 272,
                    "self": 0,
                    "total": 0.0050114,
                    "children": {
                        "GenerateSensorData": {
                            "count": 272,
                            "self": 0.0050114,
                            "total": 0.0050114,
                            "children": null
                        }
                    }
                }
            }
        }
    },
    "gauges": {
        "SnakeAi.CumulativeReward": {
            "count": 272,
            "max": 42.91286,
            "min": -14.9918184,
            "runningAverage": 21.1148071,
            "value": -1.27663779,
            "weightedAverage": 2.19322538
        }
    },
    "metadata": {
        "timer_format_version": "0.1.0",
        "start_time_seconds": "1689357102",
        "unity_version": "2022.3.4f1",
        "command_line_arguments": "C:\\Program Files\\Unity\\Hub\\Editor\\2022.3.4f1\\Editor\\Unity.exe -projectpath C:\\Users\\felix\\SnakeGame -useHub -hubIPC -cloudEnvironment production",
        "communication_protocol_version": "1.5.0",
        "com.unity.ml-agents_version": "2.3.0-exp.4",
        "scene_name": "AI",
        "end_time_seconds": "1689357252"
    }
}
