{
    "count": 1,
    "self": 3249.6148479999997,
    "total": 9939.5376962,
    "children": {
        "InitializeActuators": {
            "count": 72,
            "self": 0.0010081,
            "total": 0.0010081,
            "children": null
        },
        "InitializeSensors": {
            "count": 72,
            "self": 0,
            "total": 0,
            "children": null
        },
        "AgentSendState": {
            "count": 523260,
            "self": 17.654057599999998,
            "total": 2224.5388807,
            "children": {
                "CollectObservations": {
                    "count": 4177008,
                    "self": 2159.3229312,
                    "total": 2159.3229650999997,
                    "children": null
                },
                "WriteActionMask": {
                    "count": 4177008,
                    "self": 3.0799176,
                    "total": 3.0799174999999996,
                    "children": null
                },
                "RequestDecision": {
                    "count": 4177008,
                    "self": 10.8713616,
                    "total": 44.4819403,
                    "children": {
                        "AgentInfo.ToProto": {
                            "count": 4176368,
                            "self": 10.1681776,
                            "total": 33.610579,
                            "children": {
                                "GenerateSensorData": {
                                    "count": 4176368,
                                    "self": 23.4424016,
                                    "total": 23.4424015,
                                    "children": null
                                }
                            }
                        }
                    }
                }
            }
        },
        "DecideAction": {
            "count": 523260,
            "self": 3813.2211712,
            "total": 3813.2211438,
            "children": null
        },
        "AgentAct": {
            "count": 523260,
            "self": 652.01254399999993,
            "total": 652.161799,
            "children": {
                "AgentInfo.ToProto": {
                    "count": 11981,
                    "self": 0.065444099999999991,
                    "total": 0.1492702,
                    "children": {
                        "GenerateSensorData": {
                            "count": 11981,
                            "self": 0.0838261,
                            "total": 0.0838261,
                            "children": null
                        }
                    }
                }
            }
        }
    },
    "gauges": {
        "SnakeAi.CumulativeReward": {
            "count": 12098,
            "max": 401.011444,
            "min": -11.4027338,
            "runningAverage": 74.4739456,
            "value": 49.0944366,
            "weightedAverage": 145.018784
        }
    },
    "metadata": {
        "timer_format_version": "0.1.0",
        "start_time_seconds": "1689240158",
        "unity_version": "2023.1.3f1",
        "command_line_arguments": "C:\\Program Files\\Unity\\Hub\\Editor\\2023.1.3f1\\Editor\\Unity.exe -projectpath C:\\Users\\felix\\SnakeGame -useHub -hubIPC -cloudEnvironment production",
        "communication_protocol_version": "1.5.0",
        "com.unity.ml-agents_version": "2.3.0-exp.4",
        "scene_name": "AI",
        "end_time_seconds": "1689250098"
    }
}
