{"count":1,"self":312.13376,"total":578.49973879999993,"children":{"InitializeActuators":{"count":16,"self":0.0010077999999999999,"total":0.0010077999999999999,"children":null},"InitializeSensors":{"count":16,"self":0,"total":0,"children":null},"AgentSendState":{"count":31843,"self":0.5999386,"total":2.4476492999999997,"children":{"CollectObservations":{"count":238033,"self":0.3295816,"total":0.3295816,"children":null},"WriteActionMask":{"count":238033,"self":0.11404349999999999,"total":0.11404349999999999,"children":null},"RequestDecision":{"count":238033,"self":0.3964431,"total":1.4040856,"children":{"AgentInfo.ToProto":{"count":237905,"self":0.37333649999999996,"total":1.0076425,"children":{"GenerateSensorData":{"count":237905,"self":0.63430599999999993,"total":0.63430599999999993,"children":null}}}}}}},"DecideAction":{"count":31843,"self":255.17744639999998,"total":255.1774481,"children":null},"AgentAct":{"count":31843,"self":8.7121871999999989,"total":8.739863999999999,"children":{"AgentInfo.ToProto":{"count":4018,"self":0.0145954,"total":0.027676899999999997,"children":{"GenerateSensorData":{"count":4018,"self":0.0130815,"total":0.0130815,"children":null}}}}}},"gauges":{"SnakeAi.CumulativeReward":{"count":4042,"max":109.316093,"min":-10.4399977,"runningAverage":-2.30997682,"value":39.7010956,"weightedAverage":48.6735573}},"metadata":{"timer_format_version":"0.1.0","start_time_seconds":"1689089519","unity_version":"2023.1.3f1","command_line_arguments":"C:\\Program Files\\Unity\\Hub\\Editor\\2023.1.3f1\\Editor\\Unity.exe -projectpath C:\\Users\\felix\\SnakeGame -useHub -hubIPC -cloudEnvironment production","communication_protocol_version":"1.5.0","com.unity.ml-agents_version":"2.3.0-exp.3","scene_name":"AI","end_time_seconds":"1689090097"}}