{"count":1,"self":1900.9214464,"total":3646.702797,"children":{"InitializeActuators":{"count":20,"self":0.0020009,"total":0.0020009,"children":null},"InitializeSensors":{"count":20,"self":0.0025141,"total":0.0025141,"children":null},"AgentSendState":{"count":214702,"self":12.033138399999999,"total":59.1252904,"children":{"CollectObservations":{"count":1526209,"self":14.3286336,"total":14.328634099999999,"children":null},"WriteActionMask":{"count":1526209,"self":2.9685319999999997,"total":2.9685319,"children":null},"RequestDecision":{"count":1526209,"self":10.107839199999999,"total":29.7949861,"children":{"AgentInfo.ToProto":{"count":1516682,"self":7.8454624,"total":19.6871471,"children":{"GenerateSensorData":{"count":1516682,"self":11.841683999999999,"total":11.841684299999999,"children":null}}}}}}},"DecideAction":{"count":214702,"self":1617.9479552,"total":1617.9479155,"children":null},"AgentAct":{"count":214702,"self":68.6426944,"total":68.703616099999991,"children":{"AgentInfo.ToProto":{"count":3103,"self":0.0373284,"total":0.0609244,"children":{"GenerateSensorData":{"count":3103,"self":0.023596,"total":0.023596,"children":null}}}}}},"gauges":{"SnakeAi.CumulativeReward":{"count":3201,"max":356.897736,"min":-1060.9856,"runningAverage":117.872993,"value":-10.5,"weightedAverage":13.1152983}},"metadata":{"timer_format_version":"0.1.0","start_time_seconds":"1689105069","unity_version":"2023.1.3f1","command_line_arguments":"C:\\Program Files\\Unity\\Hub\\Editor\\2023.1.3f1\\Editor\\Unity.exe -projectpath C:\\Users\\felix\\SnakeGame -useHub -hubIPC -cloudEnvironment production","communication_protocol_version":"1.5.0","com.unity.ml-agents_version":"2.3.0-exp.3","scene_name":"AI","end_time_seconds":"1689108716"}}