{"count":1,"self":38.4066496,"total":38.4183148,"children":{"InitializeActuators":{"count":1,"self":0.0009992,"total":0.0009992,"children":null},"InitializeSensors":{"count":1,"self":0.0015080999999999998,"total":0.0015080999999999998,"children":null},"AgentSendState":{"count":332,"self":0.0055420999999999995,"total":0.0055420999999999995,"children":null},"DecideAction":{"count":332,"self":0.0025223999999999997,"total":0.0025223999999999997,"children":null},"AgentAct":{"count":332,"self":0.0010927999999999999,"total":0.0010927999999999999,"children":null}},"gauges":{},"metadata":{"timer_format_version":"0.1.0","start_time_seconds":"1688511153","unity_version":"2023.1.2f1","command_line_arguments":"C:\\Program Files\\Unity\\Hub\\Editor\\2023.1.2f1\\Editor\\Unity.exe -projectpath C:\\Users\\felix\\SnakeGame -useHub -hubIPC -cloudEnvironment production","communication_protocol_version":"1.5.0","com.unity.ml-agents_version":"2.3.0-exp.3","scene_name":"Main","end_time_seconds":"1688511192"}}